name,loc,rank,link,laptop
Douglas C. Meeks,"Reviewed in the United States on March 29, 2020",5.0 out of 5 stars,/gp/profile/amzn1.account.AHXQBJ33UXM57LZZ6WWI52S2KZIQ,https://www.amazon.com/gp/slredirect/picassoRedirect.html/ref=pa_sp_atf_aps_sr_pg1_2?ie=UTF8&adId=A063803434DH1A82I3L8F&url=%2FTECLAST-F7-Plus-1920x1080P-Computer%2Fdp%2FB07ZK7YW12%2Fref%3Dsr_1_2_sspa%3Fdchild%3D1%26keywords%3Dlaptops%26qid%3D1592682151%26sr%3D8-2-spons%26psc%3D1&qualifier=1592682151&id=8972229292896612&widgetName=sp_atf
Alex F.,"Reviewed in the United States on April 28, 2020",4.0 out of 5 stars,/gp/profile/amzn1.account.AE6VGZFE4VPWW323KI5CUF67IIGA,https://www.amazon.com/gp/slredirect/picassoRedirect.html/ref=pa_sp_atf_aps_sr_pg1_2?ie=UTF8&adId=A063803434DH1A82I3L8F&url=%2FTECLAST-F7-Plus-1920x1080P-Computer%2Fdp%2FB07ZK7YW12%2Fref%3Dsr_1_2_sspa%3Fdchild%3D1%26keywords%3Dlaptops%26qid%3D1592682151%26sr%3D8-2-spons%26psc%3D1&qualifier=1592682151&id=8972229292896612&widgetName=sp_atf
LEANDRO LOPES EREMITA,"Reviewed in the United States on June 3, 2020",1.0 out of 5 stars,/gp/profile/amzn1.account.AGVQJRCC56FKN4DB4Y5UC4NKSQHA,https://www.amazon.com/gp/slredirect/picassoRedirect.html/ref=pa_sp_atf_aps_sr_pg1_2?ie=UTF8&adId=A063803434DH1A82I3L8F&url=%2FTECLAST-F7-Plus-1920x1080P-Computer%2Fdp%2FB07ZK7YW12%2Fref%3Dsr_1_2_sspa%3Fdchild%3D1%26keywords%3Dlaptops%26qid%3D1592682151%26sr%3D8-2-spons%26psc%3D1&qualifier=1592682151&id=8972229292896612&widgetName=sp_atf
keve1357,"Reviewed in the United States on April 4, 2020",5.0 out of 5 stars,/gp/profile/amzn1.account.AFH25QHKWSGQK6PIBFBCTGJ7W64A,https://www.amazon.com/gp/slredirect/picassoRedirect.html/ref=pa_sp_atf_aps_sr_pg1_2?ie=UTF8&adId=A063803434DH1A82I3L8F&url=%2FTECLAST-F7-Plus-1920x1080P-Computer%2Fdp%2FB07ZK7YW12%2Fref%3Dsr_1_2_sspa%3Fdchild%3D1%26keywords%3Dlaptops%26qid%3D1592682151%26sr%3D8-2-spons%26psc%3D1&qualifier=1592682151&id=8972229292896612&widgetName=sp_atf
Corey Duncan,"Reviewed in the United States on June 8, 2020",5.0 out of 5 stars,/gp/profile/amzn1.account.AHXISOI5REI63Q3NANIS7DEPHGWA,https://www.amazon.com/gp/slredirect/picassoRedirect.html/ref=pa_sp_atf_aps_sr_pg1_2?ie=UTF8&adId=A063803434DH1A82I3L8F&url=%2FTECLAST-F7-Plus-1920x1080P-Computer%2Fdp%2FB07ZK7YW12%2Fref%3Dsr_1_2_sspa%3Fdchild%3D1%26keywords%3Dlaptops%26qid%3D1592682151%26sr%3D8-2-spons%26psc%3D1&qualifier=1592682151&id=8972229292896612&widgetName=sp_atf
Amazon Customer,"Reviewed in the United States on March 13, 2020",4.0 out of 5 stars,/gp/profile/amzn1.account.AFAASQW24BX4EZ6N4B6JVCTLIADA,https://www.amazon.com/gp/slredirect/picassoRedirect.html/ref=pa_sp_atf_aps_sr_pg1_2?ie=UTF8&adId=A063803434DH1A82I3L8F&url=%2FTECLAST-F7-Plus-1920x1080P-Computer%2Fdp%2FB07ZK7YW12%2Fref%3Dsr_1_2_sspa%3Fdchild%3D1%26keywords%3Dlaptops%26qid%3D1592682151%26sr%3D8-2-spons%26psc%3D1&qualifier=1592682151&id=8972229292896612&widgetName=sp_atf
awdadaa,"Reviewed in the United States on June 18, 2020",5.0 out of 5 stars,/gp/profile/amzn1.account.AHL6DYL6CDLDWKY3CTLGE3D4T3SQ,https://www.amazon.com/gp/slredirect/picassoRedirect.html/ref=pa_sp_atf_aps_sr_pg1_2?ie=UTF8&adId=A063803434DH1A82I3L8F&url=%2FTECLAST-F7-Plus-1920x1080P-Computer%2Fdp%2FB07ZK7YW12%2Fref%3Dsr_1_2_sspa%3Fdchild%3D1%26keywords%3Dlaptops%26qid%3D1592682151%26sr%3D8-2-spons%26psc%3D1&qualifier=1592682151&id=8972229292896612&widgetName=sp_atf
Alex,"Reviewed in the United States on June 18, 2020",5.0 out of 5 stars,/gp/profile/amzn1.account.AGWMOSMFAES5DFXSIXCTCTPW3MLQ,https://www.amazon.com/gp/slredirect/picassoRedirect.html/ref=pa_sp_atf_aps_sr_pg1_2?ie=UTF8&adId=A063803434DH1A82I3L8F&url=%2FTECLAST-F7-Plus-1920x1080P-Computer%2Fdp%2FB07ZK7YW12%2Fref%3Dsr_1_2_sspa%3Fdchild%3D1%26keywords%3Dlaptops%26qid%3D1592682151%26sr%3D8-2-spons%26psc%3D1&qualifier=1592682151&id=8972229292896612&widgetName=sp_atf
Amazon Customer,"Reviewed in the United States on April 24, 2020",5.0 out of 5 stars,/gp/profile/amzn1.account.AGN43ZZWBFFB7AAHRYTGBAVPMULA,https://www.amazon.com/HP-15-inch-i5-1035G1-Solid-State-15-dy1036nr/dp/B085B5SXLY/ref=sr_1_13?dchild=1&keywords=laptops&qid=1592682151&sr=8-13
Stephany Acevedo,"Reviewed in the United States on May 16, 2020",5.0 out of 5 stars,/gp/profile/amzn1.account.AGQBFWS7JMSY4JFETHU4S5MHUDUA,https://www.amazon.com/HP-15-inch-i5-1035G1-Solid-State-15-dy1036nr/dp/B085B5SXLY/ref=sr_1_13?dchild=1&keywords=laptops&qid=1592682151&sr=8-13
Raymond Rashid,"Reviewed in the United States on May 31, 2020",1.0 out of 5 stars,/gp/profile/amzn1.account.AFSWZGTMQZDVH5LWJCHDPJEU3JYQ,https://www.amazon.com/HP-15-inch-i5-1035G1-Solid-State-15-dy1036nr/dp/B085B5SXLY/ref=sr_1_13?dchild=1&keywords=laptops&qid=1592682151&sr=8-13
Richie jimenez,"Reviewed in the United States on May 7, 2020",5.0 out of 5 stars,/gp/profile/amzn1.account.AG26EFOIL5IXZODS3IUNT723D34Q,https://www.amazon.com/HP-15-inch-i5-1035G1-Solid-State-15-dy1036nr/dp/B085B5SXLY/ref=sr_1_13?dchild=1&keywords=laptops&qid=1592682151&sr=8-13
just be still & breathe,"Reviewed in the United States on May 13, 2020",4.0 out of 5 stars,/gp/profile/amzn1.account.AFC2ZHAGBTWK45EN2OARA3LHP2NA,https://www.amazon.com/HP-15-inch-i5-1035G1-Solid-State-15-dy1036nr/dp/B085B5SXLY/ref=sr_1_13?dchild=1&keywords=laptops&qid=1592682151&sr=8-13
Beth,"Reviewed in the United States on May 18, 2020",1.0 out of 5 stars,/gp/profile/amzn1.account.AEDMN6YAN2SOONH74WKTZT6IZJ4Q,https://www.amazon.com/HP-15-inch-i5-1035G1-Solid-State-15-dy1036nr/dp/B085B5SXLY/ref=sr_1_13?dchild=1&keywords=laptops&qid=1592682151&sr=8-13
Tom,"Reviewed in the United States on May 20, 2020",5.0 out of 5 stars,/gp/profile/amzn1.account.AFBPVUJD2B6QW6CW5SQ6G2O6BHYA,https://www.amazon.com/HP-15-inch-i5-1035G1-Solid-State-15-dy1036nr/dp/B085B5SXLY/ref=sr_1_13?dchild=1&keywords=laptops&qid=1592682151&sr=8-13
Brandon Gilbertson,"Reviewed in the United States on May 20, 2020",3.0 out of 5 stars,/gp/profile/amzn1.account.AEGRFCBVEUVI22OLEQRNAPMFILNA,https://www.amazon.com/HP-15-inch-i5-1035G1-Solid-State-15-dy1036nr/dp/B085B5SXLY/ref=sr_1_13?dchild=1&keywords=laptops&qid=1592682151&sr=8-13
Dave and Kym,"Reviewed in the United States on July 13, 2019",5.0 out of 5 stars,/gp/profile/amzn1.account.AFTKVTVVRCUUY7ASSH4ULTBGY4ZQ,https://www.amazon.com/gp/slredirect/picassoRedirect.html/ref=pa_sp_mtf_aps_sr_pg2_1?ie=UTF8&adId=A08569821CI3VWID1XV0S&url=%2FAcer-i5-10210U-802-11ax-Fingerprint-A515-54-59W2%2Fdp%2FB07XPLKZ5P%2Fref%3Dsr_1_27_sspa%3Fdchild%3D1%26keywords%3Dlaptops%26qid%3D1592682155%26sr%3D8-27-spons%26psc%3D1&qualifier=1592682155&id=8460944746847919&widgetName=sp_mtf
ttview,"Reviewed in the United States on June 28, 2019",1.0 out of 5 stars,/gp/profile/amzn1.account.AGFUKNF6EAA5277QYX6ETYYTDNLA,https://www.amazon.com/gp/slredirect/picassoRedirect.html/ref=pa_sp_mtf_aps_sr_pg2_1?ie=UTF8&adId=A08569821CI3VWID1XV0S&url=%2FAcer-i5-10210U-802-11ax-Fingerprint-A515-54-59W2%2Fdp%2FB07XPLKZ5P%2Fref%3Dsr_1_27_sspa%3Fdchild%3D1%26keywords%3Dlaptops%26qid%3D1592682155%26sr%3D8-27-spons%26psc%3D1&qualifier=1592682155&id=8460944746847919&widgetName=sp_mtf
Amazon Customer,"Reviewed in the United States on June 10, 2019",5.0 out of 5 stars,/gp/profile/amzn1.account.AEMSLGQOKNWGDOGSQIFHALCJM6VQ,https://www.amazon.com/gp/slredirect/picassoRedirect.html/ref=pa_sp_mtf_aps_sr_pg2_1?ie=UTF8&adId=A08569821CI3VWID1XV0S&url=%2FAcer-i5-10210U-802-11ax-Fingerprint-A515-54-59W2%2Fdp%2FB07XPLKZ5P%2Fref%3Dsr_1_27_sspa%3Fdchild%3D1%26keywords%3Dlaptops%26qid%3D1592682155%26sr%3D8-27-spons%26psc%3D1&qualifier=1592682155&id=8460944746847919&widgetName=sp_mtf
Sange,"Reviewed in the United States on July 1, 2019",5.0 out of 5 stars,/gp/profile/amzn1.account.AF5CN4SDFIJB2DHF6T2YNYKXX62Q,https://www.amazon.com/ASUS-Ultra-Slim-Wideview-i7-8565U-Numberpad/dp/B07QWLXCC7/ref=sr_1_39?dchild=1&keywords=laptops&qid=1592682156&sr=8-39
A-vid reader ,"Reviewed in the United States on June 26, 2019",5.0 out of 5 stars,/gp/profile/amzn1.account.AESDDEWVEBSOZZFZMGVK4BCCGC5A,https://www.amazon.com/ASUS-Ultra-Slim-Wideview-i7-8565U-Numberpad/dp/B07QWLXCC7/ref=sr_1_39?dchild=1&keywords=laptops&qid=1592682156&sr=8-39
shortstack,"Reviewed in the United States on July 18, 2019",5.0 out of 5 stars,/gp/profile/amzn1.account.AEFN4NFS2Y33UOJJWMPHZ4AARAAQ,https://www.amazon.com/ASUS-Ultra-Slim-Wideview-i7-8565U-Numberpad/dp/B07QWLXCC7/ref=sr_1_39?dchild=1&keywords=laptops&qid=1592682156&sr=8-39
Chulapit,"Reviewed in the United States on July 23, 2019",5.0 out of 5 stars,/gp/profile/amzn1.account.AFPKDR3RLV2XQFVXCOHQZHEK47IQ,https://www.amazon.com/ASUS-Ultra-Slim-Wideview-i7-8565U-Numberpad/dp/B07QWLXCC7/ref=sr_1_39?dchild=1&keywords=laptops&qid=1592682156&sr=8-39
Kingskid,"Reviewed in the United States on July 8, 2019",5.0 out of 5 stars,/gp/profile/amzn1.account.AGYLREGUNUA7R6XHLXDVNSX27WXA,https://www.amazon.com/ASUS-Ultra-Slim-Wideview-i7-8565U-Numberpad/dp/B07QWLXCC7/ref=sr_1_39?dchild=1&keywords=laptops&qid=1592682156&sr=8-39
T. Davies,"Reviewed in the United States on June 19, 2019",5.0 out of 5 stars,/gp/profile/amzn1.account.AE5YX4HMD5JOCIM6F5AJ2SW6EY6Q,https://www.amazon.com/ASUS-Ultra-Slim-Wideview-i7-8565U-Numberpad/dp/B07QWLXCC7/ref=sr_1_39?dchild=1&keywords=laptops&qid=1592682156&sr=8-39
Christopher,"Reviewed in the United States on July 20, 2019",2.0 out of 5 stars,/gp/profile/amzn1.account.AFX46IOR37AP4UAO6XILQNPIYEAQ,https://www.amazon.com/ASUS-Ultra-Slim-Wideview-i7-8565U-Numberpad/dp/B07QWLXCC7/ref=sr_1_39?dchild=1&keywords=laptops&qid=1592682156&sr=8-39
Andrew Geers,"Reviewed in the United States on July 16, 2019",5.0 out of 5 stars,/gp/profile/amzn1.account.AGYZ4VI7CWQY2AD5S27XXHQIXTXQ,https://www.amazon.com/ASUS-Ultra-Slim-Wideview-i7-8565U-Numberpad/dp/B07QWLXCC7/ref=sr_1_39?dchild=1&keywords=laptops&qid=1592682156&sr=8-39
Name,"Reviewed in the United States on October 15, 2015",2.0 out of 5 stars,/gp/profile/amzn1.account.AE555MPCGPZQELXTN2EETRA4SOVQ,https://www.amazon.com/Lenovo-Thinkpad-T420-Windows-Professional/dp/B00W4AMWCI/ref=sr_1_53?dchild=1&keywords=laptops&qid=1592682157&sr=8-53
jah,"Reviewed in the United States on September 20, 2017",2.0 out of 5 stars,/gp/profile/amzn1.account.AF5DSYVMGCTD7P64SWD4K5FQ7ZYQ,https://www.amazon.com/Lenovo-Thinkpad-T420-Windows-Professional/dp/B00W4AMWCI/ref=sr_1_53?dchild=1&keywords=laptops&qid=1592682157&sr=8-53
Jimmy C.,"Reviewed in the United States on March 11, 2016",1.0 out of 5 stars,/gp/profile/amzn1.account.AFSMWX3KWGAGF5G6UQNF6W44PSVQ,https://www.amazon.com/Lenovo-Thinkpad-T420-Windows-Professional/dp/B00W4AMWCI/ref=sr_1_53?dchild=1&keywords=laptops&qid=1592682157&sr=8-53
Tyson,"Reviewed in the United States on April 15, 2016",5.0 out of 5 stars,/gp/profile/amzn1.account.AGB55NQPDKQUJZ4I522BW643J5ZA,https://www.amazon.com/Lenovo-Thinkpad-T420-Windows-Professional/dp/B00W4AMWCI/ref=sr_1_53?dchild=1&keywords=laptops&qid=1592682157&sr=8-53
Gengler,"Reviewed in the United States on December 5, 2018",1.0 out of 5 stars,/gp/profile/amzn1.account.AER2B3RSPERXDNTPU2N6AJXGB7SA,https://www.amazon.com/Simone/dp/B07G9MTB5B/ref=sr_1_57?dchild=1&keywords=laptops&qid=1592682157&sr=8-57
Rowan,"Reviewed in the United States on August 14, 2018",5.0 out of 5 stars,/gp/profile/amzn1.account.AFKQ7QXRGAE7JW5M6V5JE5BPYKPA,https://www.amazon.com/Simone/dp/B07G9MTB5B/ref=sr_1_57?dchild=1&keywords=laptops&qid=1592682157&sr=8-57
Gluhwein,"Reviewed in the United States on December 5, 2018",1.0 out of 5 stars,/gp/profile/amzn1.account.AHCOQ7WJ5BVUGYTT7V34YC7GMBEQ,https://www.amazon.com/Simone/dp/B07G9MTB5B/ref=sr_1_57?dchild=1&keywords=laptops&qid=1592682157&sr=8-57
LK,"Reviewed in the United States on December 5, 2018",1.0 out of 5 stars,/gp/profile/amzn1.account.AEGXIZQ7W7DRCPSOZJXYE4FVJXLQ,https://www.amazon.com/Simone/dp/B07G9MTB5B/ref=sr_1_57?dchild=1&keywords=laptops&qid=1592682157&sr=8-57
Coco Pazzo,"Reviewed in the United States on August 14, 2018",5.0 out of 5 stars,/gp/profile/amzn1.account.AHYI4ZZIKBEANU5KAPXL43LDL2SA,https://www.amazon.com/Simone/dp/B07G9MTB5B/ref=sr_1_57?dchild=1&keywords=laptops&qid=1592682157&sr=8-57
LSN,"Reviewed in the United States on August 14, 2018",5.0 out of 5 stars,/gp/profile/amzn1.account.AE75IXMTU62OW3I76XASH6T7TICQ,https://www.amazon.com/Simone/dp/B07G9MTB5B/ref=sr_1_57?dchild=1&keywords=laptops&qid=1592682157&sr=8-57
ADBChicago,"Reviewed in the United States on August 13, 2018",5.0 out of 5 stars,/gp/profile/amzn1.account.AFE25KKMP226QITUNDPBRUX2SRKQ,https://www.amazon.com/Simone/dp/B07G9MTB5B/ref=sr_1_57?dchild=1&keywords=laptops&qid=1592682157&sr=8-57
DatconEncoda,"Reviewed in the United States on December 4, 2018",1.0 out of 5 stars,/gp/profile/amzn1.account.AH2ELYO7O6LFQFERVQWD4GPF3R2A,https://www.amazon.com/Simone/dp/B07G9MTB5B/ref=sr_1_57?dchild=1&keywords=laptops&qid=1592682157&sr=8-57
Vance,"Reviewed in the United States on August 29, 2019",5.0 out of 5 stars,/gp/profile/amzn1.account.AFCTFC4XHIEEQ3WAA7UCCPIHLYAQ,https://www.amazon.com/gp/slredirect/picassoRedirect.html/ref=pa_sp_btf_aps_sr_pg4_1?ie=UTF8&adId=A02214402P75R530RD419&url=%2FASUS-i7-10510U-ScreenPad-Compatible-UX534FTC-AS77%2Fdp%2FB0869JVMLY%2Fref%3Dsr_1_69_sspa%3Fdchild%3D1%26keywords%3Dlaptops%26qid%3D1592682157%26sr%3D8-69-spons%26psc%3D1&qualifier=1592682157&id=7146988815916980&widgetName=sp_btf
DA,"Reviewed in the United States on October 7, 2019",4.0 out of 5 stars,/gp/profile/amzn1.account.AGVJZG6PR2SH25DUW27UE6GMLGSA,https://www.amazon.com/gp/slredirect/picassoRedirect.html/ref=pa_sp_btf_aps_sr_pg4_1?ie=UTF8&adId=A02214402P75R530RD419&url=%2FASUS-i7-10510U-ScreenPad-Compatible-UX534FTC-AS77%2Fdp%2FB0869JVMLY%2Fref%3Dsr_1_69_sspa%3Fdchild%3D1%26keywords%3Dlaptops%26qid%3D1592682157%26sr%3D8-69-spons%26psc%3D1&qualifier=1592682157&id=7146988815916980&widgetName=sp_btf
Andrew S.,"Reviewed in the United States on October 31, 2019",1.0 out of 5 stars,/gp/profile/amzn1.account.AHLFDNMX7S2N3RVVBU4HFCQSOLBQ,https://www.amazon.com/gp/slredirect/picassoRedirect.html/ref=pa_sp_btf_aps_sr_pg4_1?ie=UTF8&adId=A02214402P75R530RD419&url=%2FASUS-i7-10510U-ScreenPad-Compatible-UX534FTC-AS77%2Fdp%2FB0869JVMLY%2Fref%3Dsr_1_69_sspa%3Fdchild%3D1%26keywords%3Dlaptops%26qid%3D1592682157%26sr%3D8-69-spons%26psc%3D1&qualifier=1592682157&id=7146988815916980&widgetName=sp_btf
DJ. Lamica,"Reviewed in the United States on October 27, 2019",5.0 out of 5 stars,/gp/profile/amzn1.account.AEI4OJRANMEFAORMZPAI2YOECENA,https://www.amazon.com/Acer-Aspire-2-60GHz-Windows-Renewed/dp/B07X6CB1N4/ref=sr_1_67?dchild=1&keywords=laptops&qid=1592682160&sr=8-67
Ted A. Mcelroy,"Reviewed in the United States on November 21, 2019",5.0 out of 5 stars,/gp/profile/amzn1.account.AFCVW6HXGYZ77HM342JZ6XM2KBMQ,https://www.amazon.com/Acer-Aspire-2-60GHz-Windows-Renewed/dp/B07X6CB1N4/ref=sr_1_67?dchild=1&keywords=laptops&qid=1592682160&sr=8-67
Isaac,"Reviewed in the United States on December 8, 2019",5.0 out of 5 stars,/gp/profile/amzn1.account.AEX6SYO6Y6PFSWEYJF37DM7PMEJA,https://www.amazon.com/Acer-Aspire-2-60GHz-Windows-Renewed/dp/B07X6CB1N4/ref=sr_1_67?dchild=1&keywords=laptops&qid=1592682160&sr=8-67
Robert S Gallagher,"Reviewed in the United States on December 4, 2019",1.0 out of 5 stars,/gp/profile/amzn1.account.AEJZMA5DEXVPPH73U4YPHCYMJGKA,https://www.amazon.com/Acer-Aspire-2-60GHz-Windows-Renewed/dp/B07X6CB1N4/ref=sr_1_67?dchild=1&keywords=laptops&qid=1592682160&sr=8-67
Joel Darby,"Reviewed in the United States on January 4, 2020",5.0 out of 5 stars,/gp/profile/amzn1.account.AH2LTA6UEOY4ACNA5N7SGOW3AKVQ,https://www.amazon.com/Acer-Aspire-2-60GHz-Windows-Renewed/dp/B07X6CB1N4/ref=sr_1_67?dchild=1&keywords=laptops&qid=1592682160&sr=8-67
michael,"Reviewed in the United States on December 2, 2019",5.0 out of 5 stars,/gp/profile/amzn1.account.AFO4KKLKZNVTC6WE5IIO6T2NPADA,https://www.amazon.com/Acer-Aspire-2-60GHz-Windows-Renewed/dp/B07X6CB1N4/ref=sr_1_67?dchild=1&keywords=laptops&qid=1592682160&sr=8-67
ROBOTRONIX,"Reviewed in the United States on December 1, 2019",5.0 out of 5 stars,/gp/profile/amzn1.account.AGTZZOTUVCCV73YY3FA2U7JJ3CIA,https://www.amazon.com/Acer-Aspire-2-60GHz-Windows-Renewed/dp/B07X6CB1N4/ref=sr_1_67?dchild=1&keywords=laptops&qid=1592682160&sr=8-67
Amazon Customer,"Reviewed in the United States on November 5, 2019",1.0 out of 5 stars,/gp/profile/amzn1.account.AE3G5HGKAUU5QHMANFQCLJBLPT3A,https://www.amazon.com/Acer-Aspire-2-60GHz-Windows-Renewed/dp/B07X6CB1N4/ref=sr_1_67?dchild=1&keywords=laptops&qid=1592682160&sr=8-67
Kindle Customer,"Reviewed in the United States on November 23, 2018",3.0 out of 5 stars,/gp/profile/amzn1.account.AGQMSQT3NORBBER3ERLYOKOZNAQA,https://www.amazon.com/HP-Performance-Business-LED-Backlit-Bluetooth/dp/B07K1GR9LN/ref=sr_1_83?dchild=1&keywords=laptops&qid=1592682162&sr=8-83
Svetlana K.,"Reviewed in the United States on February 23, 2019",1.0 out of 5 stars,/gp/profile/amzn1.account.AGV7KX635Q3WYJNOMYZNV553C6JQ,https://www.amazon.com/HP-Performance-Business-LED-Backlit-Bluetooth/dp/B07K1GR9LN/ref=sr_1_83?dchild=1&keywords=laptops&qid=1592682162&sr=8-83
Lauren M,"Reviewed in the United States on February 14, 2019",5.0 out of 5 stars,/gp/profile/amzn1.account.AE2L5D36S6NMRWDTFV24NLDBGLOQ,https://www.amazon.com/HP-Performance-Business-LED-Backlit-Bluetooth/dp/B07K1GR9LN/ref=sr_1_83?dchild=1&keywords=laptops&qid=1592682162&sr=8-83
Rimrock,"Reviewed in the United States on May 19, 2019",5.0 out of 5 stars,/gp/profile/amzn1.account.AGS7JDEPT7GC2DDDMQBJGO3WLOXA,https://www.amazon.com/HP-Performance-Business-LED-Backlit-Bluetooth/dp/B07K1GR9LN/ref=sr_1_83?dchild=1&keywords=laptops&qid=1592682162&sr=8-83
Lorena Meyer Paolillo,"Reviewed in the United States on June 3, 2019",1.0 out of 5 stars,/gp/profile/amzn1.account.AHPDNWI7BHGAWY3NPCS2WXYCWHVA,https://www.amazon.com/HP-Performance-Business-LED-Backlit-Bluetooth/dp/B07K1GR9LN/ref=sr_1_83?dchild=1&keywords=laptops&qid=1592682162&sr=8-83
Anthony,"Reviewed in the United States on May 24, 2019",3.0 out of 5 stars,/gp/profile/amzn1.account.AFQOTNJJ25HPXXR5YYYEPMAVWACQ,https://www.amazon.com/HP-Performance-Business-LED-Backlit-Bluetooth/dp/B07K1GR9LN/ref=sr_1_83?dchild=1&keywords=laptops&qid=1592682162&sr=8-83
Amazon Customer,"Reviewed in the United States on January 19, 2019",5.0 out of 5 stars,/gp/profile/amzn1.account.AEHCTWSUYMY2MY7XUQ6HL4IYKYQQ,https://www.amazon.com/HP-Performance-Business-LED-Backlit-Bluetooth/dp/B07K1GR9LN/ref=sr_1_83?dchild=1&keywords=laptops&qid=1592682162&sr=8-83
Sarah L,"Reviewed in the United States on October 24, 2019",4.0 out of 5 stars,/gp/profile/amzn1.account.AEVN5WAODX7E6MEXWSKC7WI5KHUA,https://www.amazon.com/HP-Performance-Business-LED-Backlit-Bluetooth/dp/B07K1GR9LN/ref=sr_1_83?dchild=1&keywords=laptops&qid=1592682162&sr=8-83
heather frantz,"Reviewed in the United States on April 22, 2020",5.0 out of 5 stars,/gp/profile/amzn1.account.AEZA6Y2HB3736SORGJSFMVRUF6CQ,https://www.amazon.com/HP-14-BrightView-WLED-Backlit-i3-1005G1/dp/B0814LGNBP/ref=sr_1_87?dchild=1&keywords=laptops&qid=1592682162&sr=8-87
Mark Cooper,"Reviewed in the United States on May 1, 2020",5.0 out of 5 stars,/gp/profile/amzn1.account.AEC5XQ47EALMZE5GU3URUBOEEMLA,https://www.amazon.com/HP-14-BrightView-WLED-Backlit-i3-1005G1/dp/B0814LGNBP/ref=sr_1_87?dchild=1&keywords=laptops&qid=1592682162&sr=8-87
evangeline,"Reviewed in the United States on June 5, 2020",4.0 out of 5 stars,/gp/profile/amzn1.account.AFTLEBJ5J6LRHFXRZKB3GBG7PDCA,https://www.amazon.com/HP-14-14-dk0002dx-Display-Bluetooth/dp/B0835TCHMW/ref=sr_1_114?dchild=1&keywords=laptops&qid=1592682165&sr=8-114
Terri Snodgrass,"Reviewed in the United States on May 25, 2020",4.0 out of 5 stars,/gp/profile/amzn1.account.AG7TY2FZPOGOLTJDEPBDCOYF53AA,https://www.amazon.com/HP-14-14-dk0002dx-Display-Bluetooth/dp/B0835TCHMW/ref=sr_1_114?dchild=1&keywords=laptops&qid=1592682165&sr=8-114
Steve D.,"Reviewed in the United States on May 22, 2020",1.0 out of 5 stars,/gp/profile/amzn1.account.AFJ2CM4DD3KHFBDQJ3LOTR722DMA,https://www.amazon.com/HP-14-14-dk0002dx-Display-Bluetooth/dp/B0835TCHMW/ref=sr_1_114?dchild=1&keywords=laptops&qid=1592682165&sr=8-114
joseph sherwood,"Reviewed in the United States on May 14, 2020",5.0 out of 5 stars,/gp/profile/amzn1.account.AHPZ4MGJMLAV52S2B7WNX6VGFRTA,https://www.amazon.com/HP-14-14-dk0002dx-Display-Bluetooth/dp/B0835TCHMW/ref=sr_1_114?dchild=1&keywords=laptops&qid=1592682165&sr=8-114
Laura B.,"Reviewed in the United States on May 26, 2020",5.0 out of 5 stars,/gp/profile/amzn1.account.AFITE7XEU25K7P7VEBV6YRS2MTRA,https://www.amazon.com/HP-14-14-dk0002dx-Display-Bluetooth/dp/B0835TCHMW/ref=sr_1_114?dchild=1&keywords=laptops&qid=1592682165&sr=8-114
Daniel A,"Reviewed in the United States on May 29, 2020",1.0 out of 5 stars,/gp/profile/amzn1.account.AER26QI5DZTNL2I3YUFJ4BB52L4Q,https://www.amazon.com/HP-14-14-dk0002dx-Display-Bluetooth/dp/B0835TCHMW/ref=sr_1_114?dchild=1&keywords=laptops&qid=1592682165&sr=8-114
Bayesian,"Reviewed in the United States on December 28, 2019",5.0 out of 5 stars,/gp/profile/amzn1.account.AHTX2IIF5GPMN46LOWGZYGQNKGMQ,https://www.amazon.com/HP-Business-Quad-Core-i5-1035G1-Bluetooth/dp/B07ZV8LQSC/ref=sr_1_130?dchild=1&keywords=laptops&qid=1592682166&sr=8-130
Afif,"Reviewed in the United States on December 12, 2019",3.0 out of 5 stars,/gp/profile/amzn1.account.AHDFUPKZYQC7G6KCRCNZ6RLVU4BA,https://www.amazon.com/HP-Business-Quad-Core-i5-1035G1-Bluetooth/dp/B07ZV8LQSC/ref=sr_1_130?dchild=1&keywords=laptops&qid=1592682166&sr=8-130
aviv,"Reviewed in the United States on March 17, 2020",4.0 out of 5 stars,/gp/profile/amzn1.account.AHXKF2FKYHIAX4LXMRX7EEA2TQTQ,https://www.amazon.com/HP-Business-Quad-Core-i5-1035G1-Bluetooth/dp/B07ZV8LQSC/ref=sr_1_130?dchild=1&keywords=laptops&qid=1592682166&sr=8-130
Chau Man Him,"Reviewed in the United States on April 18, 2020",5.0 out of 5 stars,/gp/profile/amzn1.account.AHHMCBRULZTXT5DUDV2QO3EZHUNQ,https://www.amazon.com/HP-Business-Quad-Core-i5-1035G1-Bluetooth/dp/B07ZV8LQSC/ref=sr_1_130?dchild=1&keywords=laptops&qid=1592682166&sr=8-130
Randall,"Reviewed in the United States on February 5, 2020",2.0 out of 5 stars,/gp/profile/amzn1.account.AH4TJESCJZXSZLWMG6TZXA2SMEOQ,https://www.amazon.com/HP-Business-Quad-Core-i5-1035G1-Bluetooth/dp/B07ZV8LQSC/ref=sr_1_130?dchild=1&keywords=laptops&qid=1592682166&sr=8-130
JEAD,"Reviewed in the United States on March 19, 2020",5.0 out of 5 stars,/gp/profile/amzn1.account.AGTXJTCG2GAED2RDAHVMDHXJPTVA,https://www.amazon.com/HP-Business-Quad-Core-i5-1035G1-Bluetooth/dp/B07ZV8LQSC/ref=sr_1_130?dchild=1&keywords=laptops&qid=1592682166&sr=8-130
Rosario L.,"Reviewed in the United States on January 27, 2020",1.0 out of 5 stars,/gp/profile/amzn1.account.AEUAWIAFTONJF7H53SMYFABN6HRA,https://www.amazon.com/HP-Business-Quad-Core-i5-1035G1-Bluetooth/dp/B07ZV8LQSC/ref=sr_1_130?dchild=1&keywords=laptops&qid=1592682166&sr=8-130
mario villamizar,"Reviewed in the United States on January 2, 2020",5.0 out of 5 stars,/gp/profile/amzn1.account.AGJ34IN2LO47RFZLF2KSIAQHNJAA,https://www.amazon.com/HP-Business-Quad-Core-i5-1035G1-Bluetooth/dp/B07ZV8LQSC/ref=sr_1_130?dchild=1&keywords=laptops&qid=1592682166&sr=8-130
Jasmine Jones,"Reviewed in the United States on May 26, 2020",5.0 out of 5 stars,/gp/profile/amzn1.account.AGYJ3NVODUWF6JLE6SI5RQMTC5QA,https://www.amazon.com/HP-Chromebook-14-Inch-Touchscreen-14b-ca0010nr/dp/B085RKS4J7/ref=sr_1_173?dchild=1&keywords=laptops&qid=1592682171&sr=8-173
Brianna,"Reviewed in the United States on April 27, 2020",5.0 out of 5 stars,/gp/profile/amzn1.account.AHZ3RMHLPO3U6BVWXZYPX7IIAAMQ,https://www.amazon.com/HP-Chromebook-14-Inch-Touchscreen-14b-ca0010nr/dp/B085RKS4J7/ref=sr_1_173?dchild=1&keywords=laptops&qid=1592682171&sr=8-173
Marissa Tokanel,"Reviewed in the United States on April 18, 2020",5.0 out of 5 stars,/gp/profile/amzn1.account.AEDIELSOI4FV2SIYTCGXLBT3AL5Q,https://www.amazon.com/HP-Chromebook-14-Inch-Touchscreen-14b-ca0010nr/dp/B085RKS4J7/ref=sr_1_173?dchild=1&keywords=laptops&qid=1592682171&sr=8-173
malissa,"Reviewed in the United States on June 5, 2020",5.0 out of 5 stars,/gp/profile/amzn1.account.AGYMGNHHSSVAJD663MFXXN47L25A,https://www.amazon.com/HP-Chromebook-14-Inch-Touchscreen-14b-ca0010nr/dp/B085RKS4J7/ref=sr_1_173?dchild=1&keywords=laptops&qid=1592682171&sr=8-173
Manuel Cortes,"Reviewed in the United States on April 3, 2020",5.0 out of 5 stars,/gp/profile/amzn1.account.AGNAXOIPC7Y5H7TZUX2SP6OIVYYA,https://www.amazon.com/HP-Chromebook-14-Inch-Touchscreen-14b-ca0010nr/dp/B085RKS4J7/ref=sr_1_173?dchild=1&keywords=laptops&qid=1592682171&sr=8-173
Brooke,"Reviewed in the United States on May 29, 2020",5.0 out of 5 stars,/gp/profile/amzn1.account.AG4K3KY2HAD3XGZGD7BIGCXPAEYA,https://www.amazon.com/HP-Chromebook-14-Inch-Touchscreen-14b-ca0010nr/dp/B085RKS4J7/ref=sr_1_173?dchild=1&keywords=laptops&qid=1592682171&sr=8-173
Fun Grandparents,"Reviewed in the United States on April 30, 2020",5.0 out of 5 stars,/gp/profile/amzn1.account.AEG5ZHF3QV7K6WAGHVYHBHZMHHDQ,https://www.amazon.com/HP-Chromebook-14-Inch-Touchscreen-14b-ca0010nr/dp/B085RKS4J7/ref=sr_1_173?dchild=1&keywords=laptops&qid=1592682171&sr=8-173
JOSE ANGEL PINTO MARQUEZ,"Reviewed in the United States on April 28, 2020",5.0 out of 5 stars,/gp/profile/amzn1.account.AFWP34MDND6B3R6MTJYU6IYM4H6Q,https://www.amazon.com/HP-Chromebook-14-Inch-Touchscreen-14b-ca0010nr/dp/B085RKS4J7/ref=sr_1_173?dchild=1&keywords=laptops&qid=1592682171&sr=8-173
Shige-san,"Reviewed in the United States on June 2, 2020",5.0 out of 5 stars,/gp/profile/amzn1.account.AEJQO2DEVMECTIHN7YL473KEWIDA,https://www.amazon.com/gp/slredirect/picassoRedirect.html/ref=pa_sp_atf_next_aps_sr_pg12_2?ie=UTF8&adId=A0222120CE6KVIPXXDFK&url=%2FLenovo-Chromebook-i3-10110U-Integrated-82B80006UX%2Fdp%2FB086383HC7%2Fref%3Dsr_1_178_sspa%3Fdchild%3D1%26keywords%3Dlaptops%26qid%3D1592682172%26sr%3D8-178-spons%26psc%3D1&qualifier=1592682172&id=2893871569920236&widgetName=sp_atf_next
Kingsman,"Reviewed in the United States on June 7, 2020",5.0 out of 5 stars,/gp/profile/amzn1.account.AFFVX2L2S2CVQU5YPEGAYHZSUYRA,https://www.amazon.com/gp/slredirect/picassoRedirect.html/ref=pa_sp_atf_next_aps_sr_pg12_2?ie=UTF8&adId=A0222120CE6KVIPXXDFK&url=%2FLenovo-Chromebook-i3-10110U-Integrated-82B80006UX%2Fdp%2FB086383HC7%2Fref%3Dsr_1_178_sspa%3Fdchild%3D1%26keywords%3Dlaptops%26qid%3D1592682172%26sr%3D8-178-spons%26psc%3D1&qualifier=1592682172&id=2893871569920236&widgetName=sp_atf_next
Dean,"Reviewed in the United States on June 4, 2020",5.0 out of 5 stars,/gp/profile/amzn1.account.AGCVJS3O73FAHCXHUD2XKZIS2EHA,https://www.amazon.com/gp/slredirect/picassoRedirect.html/ref=pa_sp_atf_next_aps_sr_pg12_2?ie=UTF8&adId=A0222120CE6KVIPXXDFK&url=%2FLenovo-Chromebook-i3-10110U-Integrated-82B80006UX%2Fdp%2FB086383HC7%2Fref%3Dsr_1_178_sspa%3Fdchild%3D1%26keywords%3Dlaptops%26qid%3D1592682172%26sr%3D8-178-spons%26psc%3D1&qualifier=1592682172&id=2893871569920236&widgetName=sp_atf_next
David O.,"Reviewed in the United States on May 27, 2020",5.0 out of 5 stars,/gp/profile/amzn1.account.AHW4INA5V535CWB3DNQ2B6ZH74EA,https://www.amazon.com/gp/slredirect/picassoRedirect.html/ref=pa_sp_atf_next_aps_sr_pg12_2?ie=UTF8&adId=A0222120CE6KVIPXXDFK&url=%2FLenovo-Chromebook-i3-10110U-Integrated-82B80006UX%2Fdp%2FB086383HC7%2Fref%3Dsr_1_178_sspa%3Fdchild%3D1%26keywords%3Dlaptops%26qid%3D1592682172%26sr%3D8-178-spons%26psc%3D1&qualifier=1592682172&id=2893871569920236&widgetName=sp_atf_next
Tim jr,"Reviewed in the United States on June 2, 2020",5.0 out of 5 stars,/gp/profile/amzn1.account.AGRQNSSPMIMWYTP2MEBB2TRBGI2A,https://www.amazon.com/gp/slredirect/picassoRedirect.html/ref=pa_sp_atf_next_aps_sr_pg12_2?ie=UTF8&adId=A0222120CE6KVIPXXDFK&url=%2FLenovo-Chromebook-i3-10110U-Integrated-82B80006UX%2Fdp%2FB086383HC7%2Fref%3Dsr_1_178_sspa%3Fdchild%3D1%26keywords%3Dlaptops%26qid%3D1592682172%26sr%3D8-178-spons%26psc%3D1&qualifier=1592682172&id=2893871569920236&widgetName=sp_atf_next
Ivan,"Reviewed in the United States on June 6, 2020",5.0 out of 5 stars,/gp/profile/amzn1.account.AG4OCI27643A75VMLKVY5TBOD63Q,https://www.amazon.com/gp/slredirect/picassoRedirect.html/ref=pa_sp_atf_next_aps_sr_pg12_2?ie=UTF8&adId=A0222120CE6KVIPXXDFK&url=%2FLenovo-Chromebook-i3-10110U-Integrated-82B80006UX%2Fdp%2FB086383HC7%2Fref%3Dsr_1_178_sspa%3Fdchild%3D1%26keywords%3Dlaptops%26qid%3D1592682172%26sr%3D8-178-spons%26psc%3D1&qualifier=1592682172&id=2893871569920236&widgetName=sp_atf_next
Justine D,"Reviewed in the United States on February 14, 2020",4.0 out of 5 stars,/gp/profile/amzn1.account.AGHQ757BX2KOWGPW56MP3XMTMZAQ,https://www.amazon.com/HP-Touchscreen-Computer-Quad-Core-Bluetooth/dp/B082HZBDXH/ref=sr_1_192?dchild=1&keywords=laptops&qid=1592682172&sr=8-192
Amazon Customer,"Reviewed in the United States on March 14, 2020",3.0 out of 5 stars,/gp/profile/amzn1.account.AF5FC7X3YNO7X5UR5S3X7XZ4IW2A,https://www.amazon.com/HP-Touchscreen-Computer-Quad-Core-Bluetooth/dp/B082HZBDXH/ref=sr_1_192?dchild=1&keywords=laptops&qid=1592682172&sr=8-192
Tasha Hunter,"Reviewed in the United States on February 1, 2020",4.0 out of 5 stars,/gp/profile/amzn1.account.AEWI5ZR4NKOMQGDOQ7NQXMEV7H7Q,https://www.amazon.com/HP-Touchscreen-Computer-Quad-Core-Bluetooth/dp/B082HZBDXH/ref=sr_1_192?dchild=1&keywords=laptops&qid=1592682172&sr=8-192
anthony gagliardo,"Reviewed in the United States on February 14, 2020",3.0 out of 5 stars,/gp/profile/amzn1.account.AECDBRSENK4K6W4ZJFJOKXTHCCRA,https://www.amazon.com/HP-Touchscreen-Computer-Quad-Core-Bluetooth/dp/B082HZBDXH/ref=sr_1_192?dchild=1&keywords=laptops&qid=1592682172&sr=8-192
Marce,"Reviewed in the United States on February 28, 2020",4.0 out of 5 stars,/gp/profile/amzn1.account.AHIE7PHBY45UIZCREM5IJM2KGF2A,https://www.amazon.com/HP-Touchscreen-Computer-Quad-Core-Bluetooth/dp/B082HZBDXH/ref=sr_1_192?dchild=1&keywords=laptops&qid=1592682172&sr=8-192
Tadd,"Reviewed in the United States on May 14, 2020",5.0 out of 5 stars,/gp/profile/amzn1.account.AGGZ2WQP6FMFZOEBRSHGLAYZHEYQ,https://www.amazon.com/HP-Touchscreen-Computer-Quad-Core-Bluetooth/dp/B082HZBDXH/ref=sr_1_192?dchild=1&keywords=laptops&qid=1592682172&sr=8-192
noel hudson,"Reviewed in the United States on June 7, 2020",5.0 out of 5 stars,/gp/profile/amzn1.account.AGG2HBB2I3D3ZZXV7HH2SA7BYZYA,https://www.amazon.com/HP-Touchscreen-Computer-Quad-Core-Bluetooth/dp/B082HZBDXH/ref=sr_1_192?dchild=1&keywords=laptops&qid=1592682172&sr=8-192
Crim,"Reviewed in the United States on January 17, 2020",2.0 out of 5 stars,/gp/profile/amzn1.account.AGXMEHTRZRYMZHKFY37A57PNJJKA,https://www.amazon.com/2019_Dell-15-6-inch-Anti-Glare-LED-Backlit-HDMI%EF%BC%8CWindow/dp/B07ZCZ1XSC/ref=sr_1_193?dchild=1&keywords=laptops&qid=1592682172&sr=8-193
Hanna,"Reviewed in the United States on February 24, 2020",1.0 out of 5 stars,/gp/profile/amzn1.account.AGM4D5TIZ27DLAMYOHDKAW3A5TPA,https://www.amazon.com/2019_Dell-15-6-inch-Anti-Glare-LED-Backlit-HDMI%EF%BC%8CWindow/dp/B07ZCZ1XSC/ref=sr_1_193?dchild=1&keywords=laptops&qid=1592682172&sr=8-193
bbarnard,"Reviewed in the United States on February 27, 2020",1.0 out of 5 stars,/gp/profile/amzn1.account.AH3PXFDNY2TO7XLSNP5UZV4SAXTA,https://www.amazon.com/2019_Dell-15-6-inch-Anti-Glare-LED-Backlit-HDMI%EF%BC%8CWindow/dp/B07ZCZ1XSC/ref=sr_1_193?dchild=1&keywords=laptops&qid=1592682172&sr=8-193
JSH-NJ,"Reviewed in the United States on May 1, 2020",2.0 out of 5 stars,/gp/profile/amzn1.account.AH7MKWYPEX6UX7HB4FJ64AIGFD3A,https://www.amazon.com/2019_Dell-15-6-inch-Anti-Glare-LED-Backlit-HDMI%EF%BC%8CWindow/dp/B07ZCZ1XSC/ref=sr_1_193?dchild=1&keywords=laptops&qid=1592682172&sr=8-193
Catherine B.,"Reviewed in the United States on May 22, 2020",1.0 out of 5 stars,/gp/profile/amzn1.account.AHSLYTNSHTEF3ZM3LGM6ACAX7PDQ,https://www.amazon.com/2019_Dell-15-6-inch-Anti-Glare-LED-Backlit-HDMI%EF%BC%8CWindow/dp/B07ZCZ1XSC/ref=sr_1_193?dchild=1&keywords=laptops&qid=1592682172&sr=8-193
Randy Baysinger,"Reviewed in the United States on April 21, 2020",5.0 out of 5 stars,/gp/profile/amzn1.account.AHGIKZ6OSKLLNHMHEHASDCQSTX6A,https://www.amazon.com/2019_Dell-15-6-inch-Anti-Glare-LED-Backlit-HDMI%EF%BC%8CWindow/dp/B07ZCZ1XSC/ref=sr_1_193?dchild=1&keywords=laptops&qid=1592682172&sr=8-193
Todd D.,"Reviewed in the United States on March 21, 2020",1.0 out of 5 stars,/gp/profile/amzn1.account.AEUBLSCMFGOISHFIPLJC4MR52DIQ,https://www.amazon.com/2019_Dell-15-6-inch-Anti-Glare-LED-Backlit-HDMI%EF%BC%8CWindow/dp/B07ZCZ1XSC/ref=sr_1_193?dchild=1&keywords=laptops&qid=1592682172&sr=8-193
jeb441,"Reviewed in the United States on March 21, 2020",5.0 out of 5 stars,/gp/profile/amzn1.account.AEICJYFPFPUKICQBG7J4JVQGO4XQ,https://www.amazon.com/2019_Dell-15-6-inch-Anti-Glare-LED-Backlit-HDMI%EF%BC%8CWindow/dp/B07ZCZ1XSC/ref=sr_1_193?dchild=1&keywords=laptops&qid=1592682172&sr=8-193
Imashoein,"Reviewed in the United States on September 11, 2018",5.0 out of 5 stars,/gp/profile/amzn1.account.AFHECD3RW35KJD25RBNMOYNYSLKA,https://www.amazon.com/Performance-HP-BrightView-WLED-Backlit-Quad-Core/dp/B07DT78VJJ/ref=sr_1_208?dchild=1&keywords=laptops&qid=1592682174&sr=8-208
Amazon Customer,"Reviewed in the United States on November 13, 2018",1.0 out of 5 stars,/gp/profile/amzn1.account.AE2NXJCV2DJM7PBUYR54CSF62ENQ,https://www.amazon.com/Performance-HP-BrightView-WLED-Backlit-Quad-Core/dp/B07DT78VJJ/ref=sr_1_208?dchild=1&keywords=laptops&qid=1592682174&sr=8-208
BartSRQ,"Reviewed in the United States on September 6, 2018",4.0 out of 5 stars,/gp/profile/amzn1.account.AEJPI4L6DAJAS57LFTWBZOO75D3A,https://www.amazon.com/Performance-HP-BrightView-WLED-Backlit-Quad-Core/dp/B07DT78VJJ/ref=sr_1_208?dchild=1&keywords=laptops&qid=1592682174&sr=8-208
Douglas Guertin,"Reviewed in the United States on July 14, 2019",1.0 out of 5 stars,/gp/profile/amzn1.account.AFIUAH4W3JR24Z6HGKJBX4CVWIDQ,https://www.amazon.com/Performance-HP-BrightView-WLED-Backlit-Quad-Core/dp/B07DT78VJJ/ref=sr_1_208?dchild=1&keywords=laptops&qid=1592682174&sr=8-208
Jesi,"Reviewed in the United States on March 23, 2019",5.0 out of 5 stars,/gp/profile/amzn1.account.AGOPZFFFFSEYQN63GGTR5KKZNWKA,https://www.amazon.com/Performance-HP-BrightView-WLED-Backlit-Quad-Core/dp/B07DT78VJJ/ref=sr_1_208?dchild=1&keywords=laptops&qid=1592682174&sr=8-208
Daylenn Marsh,"Reviewed in the United States on September 4, 2018",5.0 out of 5 stars,/gp/profile/amzn1.account.AEFPNYRBKDMDWI7W2WGB2M5FWLOQ,https://www.amazon.com/Performance-HP-BrightView-WLED-Backlit-Quad-Core/dp/B07DT78VJJ/ref=sr_1_208?dchild=1&keywords=laptops&qid=1592682174&sr=8-208
Jade W,"Reviewed in the United States on August 21, 2019",2.0 out of 5 stars,/gp/profile/amzn1.account.AHQXIIMFFJFMRDXTK4ZBKRE7EEKQ,https://www.amazon.com/Performance-HP-BrightView-WLED-Backlit-Quad-Core/dp/B07DT78VJJ/ref=sr_1_208?dchild=1&keywords=laptops&qid=1592682174&sr=8-208
K. Summers,"Reviewed in the United States on December 20, 2018",5.0 out of 5 stars,/gp/profile/amzn1.account.AF4C6TDMUR4E7NMVLK5KVTLC7GWQ,https://www.amazon.com/Performance-HP-BrightView-WLED-Backlit-Quad-Core/dp/B07DT78VJJ/ref=sr_1_208?dchild=1&keywords=laptops&qid=1592682174&sr=8-208
Dave and Kym,"Reviewed in the United States on July 13, 2019",5.0 out of 5 stars,/gp/profile/amzn1.account.AFTKVTVVRCUUY7ASSH4ULTBGY4ZQ,https://www.amazon.com/gp/slredirect/picassoRedirect.html/ref=pa_sp_atf_next_aps_sr_pg14_1?ie=UTF8&adId=A08569821CI3VWID1XV0S&url=%2FAcer-i5-10210U-802-11ax-Fingerprint-A515-54-59W2%2Fdp%2FB07XPLKZ5P%2Fref%3Dsr_1_209_sspa%3Fdchild%3D1%26keywords%3Dlaptops%26qid%3D1592682176%26sr%3D8-209-spons%26psc%3D1&qualifier=1592682175&id=2014534587502846&widgetName=sp_atf_next
ttview,"Reviewed in the United States on June 28, 2019",1.0 out of 5 stars,/gp/profile/amzn1.account.AGFUKNF6EAA5277QYX6ETYYTDNLA,https://www.amazon.com/gp/slredirect/picassoRedirect.html/ref=pa_sp_atf_next_aps_sr_pg14_1?ie=UTF8&adId=A08569821CI3VWID1XV0S&url=%2FAcer-i5-10210U-802-11ax-Fingerprint-A515-54-59W2%2Fdp%2FB07XPLKZ5P%2Fref%3Dsr_1_209_sspa%3Fdchild%3D1%26keywords%3Dlaptops%26qid%3D1592682176%26sr%3D8-209-spons%26psc%3D1&qualifier=1592682175&id=2014534587502846&widgetName=sp_atf_next
Amazon Customer,"Reviewed in the United States on June 10, 2019",5.0 out of 5 stars,/gp/profile/amzn1.account.AEMSLGQOKNWGDOGSQIFHALCJM6VQ,https://www.amazon.com/gp/slredirect/picassoRedirect.html/ref=pa_sp_atf_next_aps_sr_pg14_1?ie=UTF8&adId=A08569821CI3VWID1XV0S&url=%2FAcer-i5-10210U-802-11ax-Fingerprint-A515-54-59W2%2Fdp%2FB07XPLKZ5P%2Fref%3Dsr_1_209_sspa%3Fdchild%3D1%26keywords%3Dlaptops%26qid%3D1592682176%26sr%3D8-209-spons%26psc%3D1&qualifier=1592682175&id=2014534587502846&widgetName=sp_atf_next
Jean Wilkins,"Reviewed in the United States on October 7, 2019",3.0 out of 5 stars,/gp/profile/amzn1.account.AHP4QXFNEBJFMZCGQKCL6XLVNUYQ,https://www.amazon.com/2019-Dell-Inspiron-17-Laptop/dp/B07R3H3PL3/ref=sr_1_222?dchild=1&keywords=laptops&qid=1592682176&sr=8-222
ROBERT JACKOWSKI,"Reviewed in the United States on July 11, 2019",5.0 out of 5 stars,/gp/profile/amzn1.account.AG5B7FHU3SONO5AKJ26YUIFP3TVA,https://www.amazon.com/2019-Dell-Inspiron-17-Laptop/dp/B07R3H3PL3/ref=sr_1_222?dchild=1&keywords=laptops&qid=1592682176&sr=8-222
marie leier,"Reviewed in the United States on November 17, 2019",5.0 out of 5 stars,/gp/profile/amzn1.account.AEUGEBO4KL7M6UQUFN5KIKF33YSA,https://www.amazon.com/2019-Dell-Inspiron-17-Laptop/dp/B07R3H3PL3/ref=sr_1_222?dchild=1&keywords=laptops&qid=1592682176&sr=8-222
Ed,"Reviewed in the United States on August 17, 2019",4.0 out of 5 stars,/gp/profile/amzn1.account.AEHHHRZUDCO4PC6XTSWPRFOYIUGQ,https://www.amazon.com/2019-Dell-Inspiron-17-Laptop/dp/B07R3H3PL3/ref=sr_1_222?dchild=1&keywords=laptops&qid=1592682176&sr=8-222
Todd,"Reviewed in the United States on November 8, 2019",3.0 out of 5 stars,/gp/profile/amzn1.account.AHBSJ56XPG5IIMJ43YDAV3P36QEQ,https://www.amazon.com/2019-Dell-Inspiron-17-Laptop/dp/B07R3H3PL3/ref=sr_1_222?dchild=1&keywords=laptops&qid=1592682176&sr=8-222
Susan G.,"Reviewed in the United States on January 22, 2020",1.0 out of 5 stars,/gp/profile/amzn1.account.AELNBQYBLJLDO7LZB6D6GZMNUKDA,https://www.amazon.com/2019-Dell-Inspiron-17-Laptop/dp/B07R3H3PL3/ref=sr_1_222?dchild=1&keywords=laptops&qid=1592682176&sr=8-222
Jerry Frederick,"Reviewed in the United States on May 20, 2020",5.0 out of 5 stars,/gp/profile/amzn1.account.AFOXULSVLFBA4ZY4BBCU4CQR7QXA,https://www.amazon.com/2019-Dell-Inspiron-17-Laptop/dp/B07R3H3PL3/ref=sr_1_222?dchild=1&keywords=laptops&qid=1592682176&sr=8-222
ElNemmon,"Reviewed in the United States on December 5, 2019",5.0 out of 5 stars,/gp/profile/amzn1.account.AEBVY3O5NFDR6AALGE3V6EAIJG2A,https://www.amazon.com/2019-Dell-Inspiron-17-Laptop/dp/B07R3H3PL3/ref=sr_1_222?dchild=1&keywords=laptops&qid=1592682176&sr=8-222
Dave and Kym,"Reviewed in the United States on July 13, 2019",5.0 out of 5 stars,/gp/profile/amzn1.account.AFTKVTVVRCUUY7ASSH4ULTBGY4ZQ,https://www.amazon.com/gp/slredirect/picassoRedirect.html/ref=pa_sp_btf_aps_sr_pg15_1?ie=UTF8&adId=A08569821CI3VWID1XV0S&url=%2FAcer-i5-10210U-802-11ax-Fingerprint-A515-54-59W2%2Fdp%2FB07XPLKZ5P%2Fref%3Dsr_1_245_sspa%3Fdchild%3D1%26keywords%3Dlaptops%26qid%3D1592682178%26sr%3D8-245-spons%26psc%3D1&qualifier=1592682178&id=8020758706916628&widgetName=sp_btf
ttview,"Reviewed in the United States on June 28, 2019",1.0 out of 5 stars,/gp/profile/amzn1.account.AGFUKNF6EAA5277QYX6ETYYTDNLA,https://www.amazon.com/gp/slredirect/picassoRedirect.html/ref=pa_sp_btf_aps_sr_pg15_1?ie=UTF8&adId=A08569821CI3VWID1XV0S&url=%2FAcer-i5-10210U-802-11ax-Fingerprint-A515-54-59W2%2Fdp%2FB07XPLKZ5P%2Fref%3Dsr_1_245_sspa%3Fdchild%3D1%26keywords%3Dlaptops%26qid%3D1592682178%26sr%3D8-245-spons%26psc%3D1&qualifier=1592682178&id=8020758706916628&widgetName=sp_btf
Amazon Customer,"Reviewed in the United States on June 10, 2019",5.0 out of 5 stars,/gp/profile/amzn1.account.AEMSLGQOKNWGDOGSQIFHALCJM6VQ,https://www.amazon.com/gp/slredirect/picassoRedirect.html/ref=pa_sp_btf_aps_sr_pg15_1?ie=UTF8&adId=A08569821CI3VWID1XV0S&url=%2FAcer-i5-10210U-802-11ax-Fingerprint-A515-54-59W2%2Fdp%2FB07XPLKZ5P%2Fref%3Dsr_1_245_sspa%3Fdchild%3D1%26keywords%3Dlaptops%26qid%3D1592682178%26sr%3D8-245-spons%26psc%3D1&qualifier=1592682178&id=8020758706916628&widgetName=sp_btf
Shige-san,"Reviewed in the United States on June 2, 2020",5.0 out of 5 stars,/gp/profile/amzn1.account.AEJQO2DEVMECTIHN7YL473KEWIDA,https://www.amazon.com/gp/slredirect/picassoRedirect.html/ref=pa_sp_atf_next_aps_sr_pg16_1?ie=UTF8&adId=A0222120CE6KVIPXXDFK&url=%2FLenovo-Chromebook-i3-10110U-Integrated-82B80006UX%2Fdp%2FB086383HC7%2Fref%3Dsr_1_241_sspa%3Fdchild%3D1%26keywords%3Dlaptops%26qid%3D1592682179%26sr%3D8-241-spons%26psc%3D1&qualifier=1592682179&id=2651933959794365&widgetName=sp_atf_next
Kingsman,"Reviewed in the United States on June 7, 2020",5.0 out of 5 stars,/gp/profile/amzn1.account.AFFVX2L2S2CVQU5YPEGAYHZSUYRA,https://www.amazon.com/gp/slredirect/picassoRedirect.html/ref=pa_sp_atf_next_aps_sr_pg16_1?ie=UTF8&adId=A0222120CE6KVIPXXDFK&url=%2FLenovo-Chromebook-i3-10110U-Integrated-82B80006UX%2Fdp%2FB086383HC7%2Fref%3Dsr_1_241_sspa%3Fdchild%3D1%26keywords%3Dlaptops%26qid%3D1592682179%26sr%3D8-241-spons%26psc%3D1&qualifier=1592682179&id=2651933959794365&widgetName=sp_atf_next
Dean,"Reviewed in the United States on June 4, 2020",5.0 out of 5 stars,/gp/profile/amzn1.account.AGCVJS3O73FAHCXHUD2XKZIS2EHA,https://www.amazon.com/gp/slredirect/picassoRedirect.html/ref=pa_sp_atf_next_aps_sr_pg16_1?ie=UTF8&adId=A0222120CE6KVIPXXDFK&url=%2FLenovo-Chromebook-i3-10110U-Integrated-82B80006UX%2Fdp%2FB086383HC7%2Fref%3Dsr_1_241_sspa%3Fdchild%3D1%26keywords%3Dlaptops%26qid%3D1592682179%26sr%3D8-241-spons%26psc%3D1&qualifier=1592682179&id=2651933959794365&widgetName=sp_atf_next
David O.,"Reviewed in the United States on May 27, 2020",5.0 out of 5 stars,/gp/profile/amzn1.account.AHW4INA5V535CWB3DNQ2B6ZH74EA,https://www.amazon.com/gp/slredirect/picassoRedirect.html/ref=pa_sp_atf_next_aps_sr_pg16_1?ie=UTF8&adId=A0222120CE6KVIPXXDFK&url=%2FLenovo-Chromebook-i3-10110U-Integrated-82B80006UX%2Fdp%2FB086383HC7%2Fref%3Dsr_1_241_sspa%3Fdchild%3D1%26keywords%3Dlaptops%26qid%3D1592682179%26sr%3D8-241-spons%26psc%3D1&qualifier=1592682179&id=2651933959794365&widgetName=sp_atf_next
Tim jr,"Reviewed in the United States on June 2, 2020",5.0 out of 5 stars,/gp/profile/amzn1.account.AGRQNSSPMIMWYTP2MEBB2TRBGI2A,https://www.amazon.com/gp/slredirect/picassoRedirect.html/ref=pa_sp_atf_next_aps_sr_pg16_1?ie=UTF8&adId=A0222120CE6KVIPXXDFK&url=%2FLenovo-Chromebook-i3-10110U-Integrated-82B80006UX%2Fdp%2FB086383HC7%2Fref%3Dsr_1_241_sspa%3Fdchild%3D1%26keywords%3Dlaptops%26qid%3D1592682179%26sr%3D8-241-spons%26psc%3D1&qualifier=1592682179&id=2651933959794365&widgetName=sp_atf_next
Ivan,"Reviewed in the United States on June 6, 2020",5.0 out of 5 stars,/gp/profile/amzn1.account.AG4OCI27643A75VMLKVY5TBOD63Q,https://www.amazon.com/gp/slredirect/picassoRedirect.html/ref=pa_sp_atf_next_aps_sr_pg16_1?ie=UTF8&adId=A0222120CE6KVIPXXDFK&url=%2FLenovo-Chromebook-i3-10110U-Integrated-82B80006UX%2Fdp%2FB086383HC7%2Fref%3Dsr_1_241_sspa%3Fdchild%3D1%26keywords%3Dlaptops%26qid%3D1592682179%26sr%3D8-241-spons%26psc%3D1&qualifier=1592682179&id=2651933959794365&widgetName=sp_atf_next
Terie Dotson,"Reviewed in the United States on January 10, 2020",4.0 out of 5 stars,/gp/profile/amzn1.account.AH7RCYQF3YQYPYSAU2X5VKK5ZYXA,https://www.amazon.com/Dell-i3790-5104BLK-PUS-Generation-i5-10210U-17-3-Inch/dp/B07TQ5CQ1H/ref=sr_1_246?dchild=1&keywords=laptops&qid=1592682179&sr=8-246
"YONG MENG FAI, EDDIE","Reviewed in the United States on April 25, 2020",4.0 out of 5 stars,/gp/profile/amzn1.account.AGTOBJZ4FARFT3N4NZITU6Q5MAXQ,https://www.amazon.com/Dell-i3790-5104BLK-PUS-Generation-i5-10210U-17-3-Inch/dp/B07TQ5CQ1H/ref=sr_1_246?dchild=1&keywords=laptops&qid=1592682179&sr=8-246
Vincent Plaza,"Reviewed in the United States on February 1, 2020",5.0 out of 5 stars,/gp/profile/amzn1.account.AEG2XLKEFEGXTWLR3ZJ26C7IKTKQ,https://www.amazon.com/Dell-i3790-5104BLK-PUS-Generation-i5-10210U-17-3-Inch/dp/B07TQ5CQ1H/ref=sr_1_246?dchild=1&keywords=laptops&qid=1592682179&sr=8-246
papa perry,"Reviewed in the United States on January 17, 2020",5.0 out of 5 stars,/gp/profile/amzn1.account.AHH2C5AMN4ILDUXYZ3PPJYJHDSZQ,https://www.amazon.com/Dell-i3790-5104BLK-PUS-Generation-i5-10210U-17-3-Inch/dp/B07TQ5CQ1H/ref=sr_1_246?dchild=1&keywords=laptops&qid=1592682179&sr=8-246
Karen L. Hama,"Reviewed in the United States on April 25, 2020",1.0 out of 5 stars,/gp/profile/amzn1.account.AEE6MAK2FM3HVEFGNHVYIAGYMVKA,https://www.amazon.com/Dell-i3790-5104BLK-PUS-Generation-i5-10210U-17-3-Inch/dp/B07TQ5CQ1H/ref=sr_1_246?dchild=1&keywords=laptops&qid=1592682179&sr=8-246
Yvainestar,"Reviewed in the United States on December 18, 2019",5.0 out of 5 stars,/gp/profile/amzn1.account.AG4BOCGDMXXCMGFUNX4GZ2PJBSHA,https://www.amazon.com/Dell-i3790-5104BLK-PUS-Generation-i5-10210U-17-3-Inch/dp/B07TQ5CQ1H/ref=sr_1_246?dchild=1&keywords=laptops&qid=1592682179&sr=8-246
Amazon Customer,"Reviewed in the United States on March 26, 2020",5.0 out of 5 stars,/gp/profile/amzn1.account.AGPA5EO2IPCQMPORBPUIO6IBOB2A,https://www.amazon.com/Dell-i3790-5104BLK-PUS-Generation-i5-10210U-17-3-Inch/dp/B07TQ5CQ1H/ref=sr_1_246?dchild=1&keywords=laptops&qid=1592682179&sr=8-246
Elizabeth Salvi,"Reviewed in the United States on May 15, 2020",5.0 out of 5 stars,/gp/profile/amzn1.account.AEQHFAMXMEBR5SGK4WMVE3UB3RNA,https://www.amazon.com/Dell-i3790-5104BLK-PUS-Generation-i5-10210U-17-3-Inch/dp/B07TQ5CQ1H/ref=sr_1_246?dchild=1&keywords=laptops&qid=1592682179&sr=8-246
Amazon Customer,"Reviewed in the United States on April 16, 2020",5.0 out of 5 stars,/gp/profile/amzn1.account.AFMWBO3QCBFAWUVFKJGFEB4YSZJQ,https://www.amazon.com/Newest-Dell-Inspiron-Premium-Laptop/dp/B082WQ4JBG/ref=sr_1_255?dchild=1&keywords=laptops&qid=1592682179&sr=8-255
Neha O.,"Reviewed in the United States on May 30, 2020",1.0 out of 5 stars,/gp/profile/amzn1.account.AE5ONVQOO6TBIFAMWHFCX3AEOS7Q,https://www.amazon.com/Newest-Dell-Inspiron-Premium-Laptop/dp/B082WQ4JBG/ref=sr_1_255?dchild=1&keywords=laptops&qid=1592682179&sr=8-255
Jalen fetter,"Reviewed in the United States on January 21, 2020",5.0 out of 5 stars,/gp/profile/amzn1.account.AFC7X7B3EEIBPUTSQISHKZ6CJSXA,https://www.amazon.com/HP-Intel-i3-8130U-128GB-Laptop/dp/B07H8VG41H/ref=sr_1_265?dchild=1&keywords=laptops&qid=1592682181&sr=8-265
David Spector,"Reviewed in the United States on May 12, 2020",5.0 out of 5 stars,/gp/profile/amzn1.account.AFMY4JVEKXTVTWM3I6SKU7NIG2LQ,https://www.amazon.com/HP-Intel-i3-8130U-128GB-Laptop/dp/B07H8VG41H/ref=sr_1_265?dchild=1&keywords=laptops&qid=1592682181&sr=8-265
Sheel,"Reviewed in the United States on April 20, 2019",5.0 out of 5 stars,/gp/profile/amzn1.account.AFMJBV57AL3NQDKKHNAPL3OSJP4Q,https://www.amazon.com/HP-Intel-i3-8130U-128GB-Laptop/dp/B07H8VG41H/ref=sr_1_265?dchild=1&keywords=laptops&qid=1592682181&sr=8-265
Michael S.,"Reviewed in the United States on April 13, 2020",4.0 out of 5 stars,/gp/profile/amzn1.account.AHGEQLQNBDNYQFOQG7CHHIAKUFQQ,https://www.amazon.com/HP-Intel-i3-8130U-128GB-Laptop/dp/B07H8VG41H/ref=sr_1_265?dchild=1&keywords=laptops&qid=1592682181&sr=8-265
Amazon Customer,"Reviewed in the United States on May 19, 2020",4.0 out of 5 stars,/gp/profile/amzn1.account.AGYDZHPAVGQVCJRCBOTPWZDSC63Q,https://www.amazon.com/HP-Intel-i3-8130U-128GB-Laptop/dp/B07H8VG41H/ref=sr_1_265?dchild=1&keywords=laptops&qid=1592682181&sr=8-265
Tamara,"Reviewed in the United States on April 27, 2020",5.0 out of 5 stars,/gp/profile/amzn1.account.AGTTZ2H4UKRPPVPGHSPDLJX5EFRQ,https://www.amazon.com/HP-Intel-i3-8130U-128GB-Laptop/dp/B07H8VG41H/ref=sr_1_265?dchild=1&keywords=laptops&qid=1592682181&sr=8-265
Donnie goble,"Reviewed in the United States on April 30, 2020",5.0 out of 5 stars,/gp/profile/amzn1.account.AG575QWKYLUAZ4IJLKGGDTU3I2LA,https://www.amazon.com/HP-Intel-i3-8130U-128GB-Laptop/dp/B07H8VG41H/ref=sr_1_265?dchild=1&keywords=laptops&qid=1592682181&sr=8-265
Sammy,"Reviewed in the United States on December 9, 2019",5.0 out of 5 stars,/gp/profile/amzn1.account.AHAQPMLQYWQG5GZY6YCUETRULYTA,https://www.amazon.com/HP-2-1-Touch-Screen-Natural/dp/B0894YFTZM/ref=sr_1_273?dchild=1&keywords=laptops&qid=1592682181&sr=8-273
TomD,"Reviewed in the United States on December 27, 2019",5.0 out of 5 stars,/gp/profile/amzn1.account.AHTABJGUOIUBTARAZ5G6MODKUPNQ,https://www.amazon.com/HP-2-1-Touch-Screen-Natural/dp/B0894YFTZM/ref=sr_1_273?dchild=1&keywords=laptops&qid=1592682181&sr=8-273
David S.,"Reviewed in the United States on April 2, 2020",1.0 out of 5 stars,/gp/profile/amzn1.account.AGCPRJFSLSNGL3UVGQJS3SYDSRLQ,https://www.amazon.com/HP-2-1-Touch-Screen-Natural/dp/B0894YFTZM/ref=sr_1_273?dchild=1&keywords=laptops&qid=1592682181&sr=8-273
JAIR NAVARRO S.,"Reviewed in the United States on May 23, 2020",5.0 out of 5 stars,/gp/profile/amzn1.account.AE5EO7VYRZT4OF4LT6SOLSSELEEQ,https://www.amazon.com/HP-2-1-Touch-Screen-Natural/dp/B0894YFTZM/ref=sr_1_273?dchild=1&keywords=laptops&qid=1592682181&sr=8-273
Joseph C.,"Reviewed in the United States on January 10, 2020",5.0 out of 5 stars,/gp/profile/amzn1.account.AHKP3W4NDO33YZDIZWJ56LWODN6Q,https://www.amazon.com/HP-2-1-Touch-Screen-Natural/dp/B0894YFTZM/ref=sr_1_273?dchild=1&keywords=laptops&qid=1592682181&sr=8-273
Anthony Saffles,"Reviewed in the United States on January 12, 2020",5.0 out of 5 stars,/gp/profile/amzn1.account.AETEBG2ZXBAADP266VEYXZ4MGBPQ,https://www.amazon.com/HP-2-1-Touch-Screen-Natural/dp/B0894YFTZM/ref=sr_1_273?dchild=1&keywords=laptops&qid=1592682181&sr=8-273
dmb41,"Reviewed in the United States on June 2, 2020",5.0 out of 5 stars,/gp/profile/amzn1.account.AEMK3LW25CVTRNP2UDJ3LYYSZMQA,https://www.amazon.com/HP-2-1-Touch-Screen-Natural/dp/B0894YFTZM/ref=sr_1_273?dchild=1&keywords=laptops&qid=1592682181&sr=8-273
Megan,"Reviewed in the United States on April 5, 2020",5.0 out of 5 stars,/gp/profile/amzn1.account.AGU7E4O6KNIDAPSXLDO476H6BQKA,https://www.amazon.com/HP-2-1-Touch-Screen-Natural/dp/B0894YFTZM/ref=sr_1_273?dchild=1&keywords=laptops&qid=1592682181&sr=8-273
Alpha Tech II,"Reviewed in the United States on March 1, 2018",3.0 out of 5 stars,/gp/profile/amzn1.account.AHKJWXLMICQYAEKG6LSGE5SHRNIA,https://www.amazon.com/Dell-F7YPC-Latitude-i3-6006U-Windows/dp/B06XQYNMZZ/ref=sr_1_282?dchild=1&keywords=laptops&qid=1592682183&sr=8-282
Lejoub21,"Reviewed in the United States on January 22, 2019",5.0 out of 5 stars,/gp/profile/amzn1.account.AGNGCEB5PXZM6TYHBT7D4K7EOWAA,https://www.amazon.com/Dell-F7YPC-Latitude-i3-6006U-Windows/dp/B06XQYNMZZ/ref=sr_1_282?dchild=1&keywords=laptops&qid=1592682183&sr=8-282
Amjad Jarn,"Reviewed in the United States on May 6, 2019",1.0 out of 5 stars,/gp/profile/amzn1.account.AGIPQCYQL34HDB6FA2JS6Q35LU2A,https://www.amazon.com/Dell-F7YPC-Latitude-i3-6006U-Windows/dp/B06XQYNMZZ/ref=sr_1_282?dchild=1&keywords=laptops&qid=1592682183&sr=8-282
Dave and Kym,"Reviewed in the United States on July 13, 2019",5.0 out of 5 stars,/gp/profile/amzn1.account.AFTKVTVVRCUUY7ASSH4ULTBGY4ZQ,https://www.amazon.com/gp/slredirect/picassoRedirect.html/ref=pa_sp_btf_aps_sr_pg18_2?ie=UTF8&adId=A08569821CI3VWID1XV0S&url=%2FAcer-i5-10210U-802-11ax-Fingerprint-A515-54-59W2%2Fdp%2FB07XPLKZ5P%2Fref%3Dsr_1_294_sspa%3Fdchild%3D1%26keywords%3Dlaptops%26qid%3D1592682183%26sr%3D8-294-spons%26psc%3D1&qualifier=1592682183&id=1684728649122933&widgetName=sp_btf
ttview,"Reviewed in the United States on June 28, 2019",1.0 out of 5 stars,/gp/profile/amzn1.account.AGFUKNF6EAA5277QYX6ETYYTDNLA,https://www.amazon.com/gp/slredirect/picassoRedirect.html/ref=pa_sp_btf_aps_sr_pg18_2?ie=UTF8&adId=A08569821CI3VWID1XV0S&url=%2FAcer-i5-10210U-802-11ax-Fingerprint-A515-54-59W2%2Fdp%2FB07XPLKZ5P%2Fref%3Dsr_1_294_sspa%3Fdchild%3D1%26keywords%3Dlaptops%26qid%3D1592682183%26sr%3D8-294-spons%26psc%3D1&qualifier=1592682183&id=1684728649122933&widgetName=sp_btf
Amazon Customer,"Reviewed in the United States on June 10, 2019",5.0 out of 5 stars,/gp/profile/amzn1.account.AEMSLGQOKNWGDOGSQIFHALCJM6VQ,https://www.amazon.com/gp/slredirect/picassoRedirect.html/ref=pa_sp_btf_aps_sr_pg18_2?ie=UTF8&adId=A08569821CI3VWID1XV0S&url=%2FAcer-i5-10210U-802-11ax-Fingerprint-A515-54-59W2%2Fdp%2FB07XPLKZ5P%2Fref%3Dsr_1_294_sspa%3Fdchild%3D1%26keywords%3Dlaptops%26qid%3D1592682183%26sr%3D8-294-spons%26psc%3D1&qualifier=1592682183&id=1684728649122933&widgetName=sp_btf
